V4526H5_1,V4526H6_1,V4526H7_1
9,9,9
9,9,9
9,9,9
9,9,9
9,9,9
9,9,9
9,9,9
9,9,9
9,9,9
9,9,9
9,9,9
9,9,9
9,9,9
9,9,9
9,9,9
9,9,9
9,9,9
9,9,9
9,9,9
9,9,9
9,9,9
9,9,9
9,9,9
9,9,9
9,9,9
9,9,9
9,9,9
9,9,9
9,9,9
9,9,9
9,9,9
9,9,9
9,9,9
9,9,9
9,9,9
9,9,9
9,9,9
9,9,9
2,2,2
9,9,9
9,9,9
9,9,9
9,9,9
9,9,9
9,9,9
9,9,9
9,9,9
9,9,9
9,9,9
9,9,9
9,9,9
9,9,9
9,9,9
9,9,9
9,9,9
9,9,9
9,9,9
9,9,9
9,9,9
9,9,9
9,9,9
9,9,9
9,9,9
9,9,9
9,9,9
9,9,9
9,9,9
1,2,1
9,9,9
9,9,9
9,9,9
9,9,9
9,9,9
9,9,9
9,9,9
9,9,9
9,9,9
9,9,9
9,9,9
9,9,9
9,9,9
9,9,9
9,9,9
9,9,9
9,9,9
9,9,9
9,9,9
9,9,9
9,9,9
9,9,9
9,9,9
9,9,9
9,9,9
9,9,9
9,9,9
9,9,9
9,9,9
9,9,9
9,9,9
2,2,2
9,9,9
9,9,9
9,9,9
9,9,9
9,9,9
9,9,9
9,9,9
9,9,9
9,9,9
9,9,9
9,9,9
9,9,9
9,9,9
9,9,9
9,9,9
9,9,9
9,9,9
9,9,9
9,9,9
9,9,9
9,9,9
9,9,9
9,9,9
9,9,9
9,9,9
9,9,9
9,9,9
9,9,9
9,9,9
2,2,2
9,9,9
9,9,9
9,9,9
9,9,9
9,9,9
9,9,9
9,9,9
9,9,9
9,9,9
9,9,9
9,9,9
9,9,9
9,9,9
9,9,9
9,9,9
9,9,9
9,9,9
9,9,9
9,9,9
9,9,9
2,2,2
9,9,9
9,9,9
9,9,9
9,9,9
9,9,9
9,9,9
9,9,9
9,9,9
9,9,9
9,9,9
9,9,9
9,9,9
9,9,9
2,2,2
9,9,9
9,9,9
9,9,9
9,9,9
9,9,9
9,9,9
9,9,9
9,9,9
9,9,9
9,9,9
9,9,9
9,9,9
9,9,9
9,9,9
9,9,9
9,9,9
9,9,9
9,9,9
9,9,9
9,9,9
9,9,9
9,9,9
9,9,9
2,2,2
9,9,9
9,9,9
9,9,9
9,9,9
9,9,9
9,9,9
9,9,9
9,9,9
9,9,9
9,9,9
9,9,9
9,9,9
9,9,9
9,9,9
9,9,9
9,9,9
9,9,9
9,9,9
9,9,9
9,9,9
9,9,9
9,9,9
9,9,9
9,9,9
9,9,9
9,9,9
9,9,9
9,9,9
9,9,9
9,9,9
9,9,9
9,9,9
9,9,9
9,9,9
9,9,9
9,9,9
9,9,9
9,9,9
9,9,9
9,9,9
9,9,9
2,2,2
9,9,9
9,9,9
9,9,9
9,9,9
9,9,9
2,2,2
9,9,9
9,9,9
9,9,9
9,9,9
9,9,9
9,9,9
9,9,9
9,9,9
9,9,9
9,9,9
9,9,9
9,9,9
9,9,9
9,9,9
