VS315,VS316,VS353,VS354,VS330,VS331
9,9,9,9,9,9
9,9,9,9,9,9
9,9,9,9,9,9
9,9,9,9,9,9
9,9,9,9,9,9
9,9,9,9,9,9
9,9,9,9,9,9
9,9,9,9,9,9
9,9,9,9,9,9
9,9,9,9,9,9
9,9,9,9,9,9
9,9,9,9,9,9
9,9,9,9,9,9
9,9,9,9,9,9
9,9,9,9,9,9
9,9,9,9,9,9
9,9,9,9,9,9
9,9,9,9,9,9
9,9,9,9,9,9
9,9,9,9,9,9
9,9,9,9,9,9
9,9,9,9,9,9
9,9,9,9,9,9
9,9,9,9,9,9
9,9,9,9,9,9
9,9,9,9,9,9
9,9,9,9,9,9
9,9,9,9,9,9
9,9,9,9,9,9
9,9,9,9,9,9
9,9,9,9,9,9
9,9,9,9,9,9
9,9,9,9,9,9
9,9,9,9,9,9
9,9,9,9,9,9
9,9,9,9,9,9
9,9,9,9,9,9
9,9,9,9,9,9
9,9,9,9,9,9
9,9,9,9,9,9
9,9,9,9,9,9
9,9,9,9,2,2
9,9,9,9,9,9
9,9,9,9,9,9
2,0,9,9,9,9
9,9,9,9,9,9
9,9,9,9,9,9
9,9,9,9,9,9
9,9,9,9,9,9
9,9,9,9,9,9
9,9,9,9,9,9
9,9,9,9,9,9
9,9,9,9,9,9
9,9,9,9,9,9
9,9,9,9,9,9
9,9,9,9,9,9
9,9,9,9,9,9
9,9,9,9,9,9
9,9,9,9,9,9
9,9,9,9,9,9
9,9,9,9,9,9
9,9,9,9,9,9
9,9,9,9,9,9
9,9,9,9,9,9
9,9,9,9,9,9
9,9,9,9,9,9
9,9,9,9,2,2
2,0,9,9,9,9
9,9,9,9,9,9
9,9,9,9,9,9
9,9,9,9,9,9
9,9,9,9,9,9
9,9,9,9,9,9
9,9,9,9,9,9
9,9,9,9,9,9
9,9,9,9,9,9
9,9,9,9,9,9
9,9,9,9,9,9
9,9,9,9,9,9
9,9,9,9,9,9
9,9,9,9,9,9
9,9,9,9,9,9
9,9,9,9,9,9
9,9,9,9,9,9
9,9,9,9,9,9
9,9,9,9,9,9
9,9,9,9,9,9
9,9,9,9,9,9
9,9,9,9,9,9
9,9,9,9,9,9
9,9,9,9,9,9
9,9,9,9,9,9
9,9,9,9,9,9
9,9,9,9,2,2
9,9,9,9,9,9
9,9,9,9,9,9
9,9,9,9,9,9
9,9,9,9,9,9
9,9,9,9,9,9
9,9,9,9,9,9
9,9,9,9,9,9
9,9,9,9,9,9
9,9,9,9,9,9
9,9,9,9,9,9
9,9,9,9,9,9
9,9,9,9,9,9
9,9,9,9,9,9
9,9,9,9,9,9
9,9,9,9,9,9
9,9,9,9,9,9
9,9,9,9,9,9
9,9,9,9,9,9
9,9,9,9,2,2
9,9,9,9,9,9
9,9,9,9,9,9
9,9,9,9,9,9
9,9,9,9,2,2
9,9,9,9,9,9
9,9,9,9,9,9
9,9,9,9,2,2
9,9,9,9,2,2
9,9,9,9,9,9
9,9,9,9,9,9
9,9,9,9,9,9
9,9,9,9,9,9
9,9,9,9,9,9
9,9,9,9,9,9
9,9,9,9,9,9
9,9,9,9,9,9
9,9,9,9,9,9
2,0,9,9,2,2
9,9,9,9,9,9
9,9,9,9,9,9
9,9,9,9,2,2
9,9,9,9,9,9
9,9,9,9,9,9
2,0,9,9,9,9
9,9,9,9,9,9
9,9,9,9,9,9
9,9,9,9,9,9
9,9,9,9,9,9
9,9,9,9,9,9
9,9,9,9,2,2
2,0,9,9,9,9
9,9,9,9,9,9
9,9,9,9,9,9
9,9,9,9,9,9
9,9,9,9,9,9
9,9,9,9,9,9
9,9,9,9,9,9
9,9,9,9,9,9
9,9,9,9,9,9
9,9,9,9,9,9
9,9,9,9,9,9
9,9,9,9,9,9
9,9,9,9,9,9
9,9,9,9,9,9
9,9,9,9,9,9
9,9,9,9,9,9
2,0,9,9,9,9
9,9,9,9,9,9
9,9,9,9,9,9
9,9,9,9,9,9
9,9,9,9,9,9
9,9,9,9,9,9
9,9,9,9,9,9
9,9,9,9,9,9
9,9,9,9,9,9
9,9,9,9,9,9
9,9,9,9,9,9
9,9,9,9,9,9
9,9,9,9,9,9
9,9,9,9,9,9
9,9,9,9,9,9
9,9,9,9,9,9
9,9,9,9,9,9
9,9,9,9,9,9
9,9,9,9,9,9
9,9,9,9,2,2
9,9,9,9,9,9
9,9,9,9,9,9
9,9,9,9,9,9
9,9,9,9,9,9
9,9,9,9,9,9
9,9,9,9,9,9
9,9,9,9,9,9
9,9,9,9,2,2
9,9,9,9,9,9
2,0,9,9,9,9
9,9,9,9,9,9
9,9,9,9,9,9
9,9,9,9,9,9
9,9,9,9,9,9
9,9,9,9,9,9
9,9,9,9,9,9
9,9,9,9,9,9
9,9,9,9,2,2
9,9,9,9,9,9
9,9,9,9,9,9
9,9,9,9,9,9
9,9,9,9,9,9
9,9,9,9,9,9
9,9,9,9,9,9
9,9,9,9,9,9
9,9,9,9,2,2
9,9,9,9,9,9
9,9,9,9,2,2
9,9,9,9,9,9
2,0,9,9,9,9
2,0,9,9,2,2
9,9,9,9,9,9
9,9,9,9,9,9
9,9,9,9,9,9
9,9,9,9,9,9
9,9,9,9,9,9
9,9,9,9,9,9
9,9,9,9,2,2
9,9,9,9,9,9
9,9,9,9,9,9
9,9,9,9,2,2
9,9,9,9,9,9
9,9,9,9,9,9
9,9,9,9,9,9
9,9,9,9,9,9
9,9,9,9,9,9
9,9,9,9,9,9
9,9,9,9,9,9
9,9,9,9,9,9
9,9,9,9,9,9
9,9,9,9,9,9
9,9,9,9,9,9
9,9,9,9,9,9
9,9,9,9,9,9
9,9,9,9,9,9
9,9,9,9,9,9
9,9,9,9,9,9
9,9,9,9,9,9
9,9,9,9,9,9
9,9,9,9,9,9
9,9,9,9,9,9
9,9,9,9,9,9
9,9,9,9,2,2
9,9,9,9,9,9
9,9,9,9,9,9
9,9,9,9,9,9
9,9,9,9,9,9
9,9,9,9,9,9
9,9,9,9,9,9
9,9,9,9,9,9
9,9,9,9,9,9
9,9,9,9,9,9
