VS090,VS091,VS092,VS093,VS094
9,9,9,9,9
9,9,9,9,9
9,9,9,9,9
9,9,9,9,9
9,9,9,9,9
9,9,9,9,9
9,9,9,9,9
9,9,9,9,9
9,9,9,9,9
9,9,9,9,9
9,9,9,9,9
9,9,9,9,9
9,9,9,9,9
9,9,9,9,9
9,9,9,9,9
9,9,9,9,9
9,9,9,9,9
9,9,9,9,9
9,9,9,9,9
9,9,9,9,9
9,9,9,9,9
9,9,9,9,9
9,9,9,9,9
9,9,9,9,9
9,9,9,9,9
9,9,9,9,9
9,9,9,9,9
9,9,9,9,9
9,9,9,9,9
9,9,9,9,9
9,9,9,9,9
9,9,9,9,9
9,9,9,9,9
9,9,9,9,9
9,9,9,9,9
9,9,9,9,9
9,9,9,9,9
9,9,9,9,9
9,9,9,9,9
9,9,9,9,9
9,9,9,9,9
9,9,9,9,9
9,9,9,9,9
9,9,9,9,9
9,9,9,9,9
9,9,9,9,9
9,9,9,9,9
9,9,9,9,9
9,9,9,9,9
9,9,9,9,9
9,9,9,9,9
9,9,9,9,9
9,9,9,9,9
9,9,9,9,9
9,9,9,9,9
9,9,9,9,9
9,9,9,9,9
9,9,9,9,9
9,9,9,9,9
9,9,9,9,9
9,9,9,9,9
9,9,9,9,9
9,9,9,9,9
9,9,9,9,9
9,9,9,9,9
9,9,9,9,9
9,9,9,9,9
9,9,9,9,9
9,9,9,9,9
9,9,9,9,9
9,9,9,9,9
9,9,9,9,9
9,9,9,9,9
9,9,9,9,9
9,9,9,9,9
9,9,9,9,9
9,9,9,9,9
9,9,9,9,9
9,9,9,9,9
9,9,9,9,9
9,9,9,9,9
9,9,9,9,9
9,9,9,9,9
9,9,9,9,9
9,9,9,9,9
9,9,9,9,9
9,9,9,9,9
9,9,9,9,9
9,9,9,9,9
9,9,9,9,9
9,9,9,9,9
9,9,9,9,9
9,9,9,9,9
9,9,9,9,9
9,9,9,9,9
9,9,9,9,9
9,9,9,9,9
9,9,9,9,9
9,9,9,9,9
9,9,9,9,9
9,9,9,9,9
9,9,9,9,9
9,9,9,9,9
9,9,9,9,9
9,9,9,9,9
9,9,9,9,9
9,9,9,9,9
9,9,9,9,9
9,9,9,9,9
9,9,9,9,9
9,9,9,9,9
9,9,9,9,9
9,9,9,9,9
9,9,9,9,9
9,9,9,9,9
9,9,9,9,9
9,9,9,9,9
9,9,9,9,9
9,9,9,9,9
9,9,9,9,9
9,9,9,9,9
9,9,9,9,9
9,9,9,9,9
9,9,9,9,9
9,9,9,9,9
9,9,9,9,9
9,9,9,9,9
9,9,9,9,9
9,9,9,9,9
9,9,9,9,9
9,9,9,9,9
9,9,9,9,9
9,9,9,9,9
9,9,9,9,9
9,9,9,9,9
9,9,9,9,9
9,9,9,9,9
9,9,9,9,9
9,9,9,9,9
9,9,9,9,9
9,9,9,9,9
9,9,9,9,9
9,9,9,9,9
9,9,9,9,9
9,9,9,9,9
9,9,9,9,9
9,9,9,9,9
9,9,9,9,9
9,9,9,9,9
9,9,9,9,9
9,9,9,9,9
9,9,9,9,9
9,9,9,9,9
9,9,9,9,9
9,9,9,9,9
9,9,9,9,9
9,9,9,9,9
9,9,9,9,9
9,9,9,9,9
9,9,9,9,9
9,9,9,9,9
9,9,9,9,9
9,9,9,9,9
9,9,9,9,9
9,9,9,9,9
9,9,9,9,9
9,9,9,9,9
9,9,9,9,9
9,9,9,9,9
9,9,9,9,9
9,9,9,9,9
9,9,9,9,9
9,9,9,9,9
9,9,9,9,9
9,9,9,9,9
9,9,9,9,9
9,9,9,9,9
9,9,9,9,9
9,9,9,9,9
9,9,9,9,9
9,9,9,9,9
9,9,9,9,9
9,9,9,9,9
9,9,9,9,9
9,9,9,9,9
9,9,9,9,9
9,9,9,9,9
9,9,9,9,9
9,9,9,9,9
9,9,9,9,9
9,9,9,9,9
9,9,9,9,9
9,9,9,9,9
9,9,9,9,9
9,9,9,9,9
9,9,9,9,9
9,9,9,9,9
9,9,9,9,9
9,9,9,9,9
9,9,9,9,9
9,9,9,9,9
9,9,9,9,9
9,9,9,9,9
9,9,9,9,9
9,9,9,9,9
9,9,9,9,9
9,9,9,9,9
9,9,9,9,9
9,9,9,9,9
9,9,9,9,9
9,9,9,9,9
9,9,9,9,9
9,9,9,9,9
9,9,9,9,9
9,9,9,9,9
9,9,9,9,9
9,9,9,9,9
9,9,9,9,9
9,9,9,9,9
9,9,9,9,9
9,9,9,9,9
9,9,9,9,9
9,9,9,9,9
9,9,9,9,9
9,9,9,9,9
9,9,9,9,9
9,9,9,9,9
9,9,9,9,9
9,9,9,9,9
9,9,9,9,9
9,9,9,9,9
9,9,9,9,9
9,9,9,9,9
9,9,9,9,9
9,9,9,9,9
9,9,9,9,9
9,9,9,9,9
9,9,9,9,9
9,9,9,9,9
9,9,9,9,9
9,9,9,9,9
9,9,9,9,9
9,9,9,9,9
9,9,9,9,9
9,9,9,9,9
9,9,9,9,9
9,9,9,9,9
9,9,9,9,9
9,9,9,9,9
9,9,9,9,9
9,9,9,9,9
